source,pattern_hits,current_sink,risk,owner,phase,action
src/app/main_meeting_app.cpp,3,Qt,early_process_or_auth,app,LG2,typed_bootstrap_then_adapter
src/ui/meeting_log_console.h,1,UI_console_api,public_callback_contract,ui,LG2,preserve_safe_consumer_adapter
src/ui/meeting_log_console.cpp,1,UI_console,unbounded_pending_qt,ui,LG2,bounded_batch_mirror
src/ui/meeting_room_window.cpp,39,UI_console,chat_name_file_and_error_detail,ui,LG1|LG3,remove_content_in_LG1_then_migrate_events
src/ui/meeting_main_window.cpp,1,UI_console,possible_user_context,ui,LG3,typed_event_review
src/ui/dx11/dx11_renderer.cpp,8,standard_stream,render_failure_detail,render,LG3,typed_render_event
src/ui/dx11/dx11_shaders.h,1,standard_stream,shader_diagnostic_detail,render,LG3,typed_render_event
src/ui/dx11/gpu_video_converter.cpp,3,standard_stream,gpu_failure_detail,render,LG3,typed_render_event
src/ui/render/module_video_canvas.cpp,1,Qt,backend_failure_summary,render,LG3,preserve_safe_summary
src/ui/render/gl_video_canvas.cpp,1,Qt,backend_failure_summary,render,LG3,preserve_safe_summary
src/ui/render/video_canvas_factory.cpp,1,Qt,backend_failure_summary,render,LG3,preserve_safe_summary
src/rtc/webrtc_manager.cpp,9,standard_stream,rtc_diagnostic_detail,rtc,LG3,typed_rtc_error_and_controlled_mode
src/net/session_manager.cpp,3,Qt,auth_session_reason,net,LG3,typed_session_event
src/signal/websocket_client.cpp,39,standard_stream,raw_network_or_connection_detail,signal,LG3,source_safe_projection
src/signal/signal_stream.cpp,1,standard_stream,signal_lifecycle,signal,LG3,typed_signal_event
src/signal/signal_client.cpp,19,standard_stream,signal_endpoint_and_reconnect_detail,signal,LG3,source_safe_projection
src/core/adaptive_stream_manager.cpp,2,standard_stream,media_policy_detail,core,LG3,typed_media_event
src/core/meeting_coordinator.cpp,24,UI_console,identity_or_exception_and_lifecycle,meeting_coordinator,LG3,typed_operation_event
src/core/room.cpp,26,Room_Log_or_standard_stream,connection_and_identity,room,LG3,preserve_LogHandler_with_typed_projection
src/core/participant.cpp,5,standard_stream,track_identity_or_publish,participant,LG3,typed_publish_event
src/core/session_shutdown_service.h,1,Qt,shutdown_failure,core,LG2,typed_critical_event
src/media/audio_apm.cpp,1,standard_stream,audio_config,media,LG3,typed_audio_event
src/media/camera_source_manager.cpp,13,spdlog,raw_camera_path,media,LG1|LG3,remove_path_in_LG1_then_typed_switch_event
src/media/dshow_capture.cpp,15,spdlog,raw_camera_path,media,LG1|LG3,remove_path_in_LG1_then_typed_capture_event
src/media/dshow_enumerator.cpp,2,spdlog,device_enumeration,media,LG3,typed_device_event
src/media/wasapi_capture.cpp,22,spdlog,raw_microphone_id,media,LG1|LG3,remove_id_in_LG1_then_typed_switch_event
src/media/wasapi_enumerator.cpp,2,spdlog,device_enumeration,media,LG3,typed_device_event
src/telemetry/telemetry.h,5,standard_stream,legacy_process_singleton_metrics,telemetry,LG3,retire_duplicate_metric_output_after_caller_check
src/telemetry/crash_handler.cpp,4,standard_stream,signal_handler_unsafe_output,telemetry,LG5,replace_with_crash_provider
src/telemetry/safe_spawn.h,2,standard_stream,coroutine_exception,telemetry,LG3,typed_panic_kind
